Workbook

Sheet 試験情報
A1: かんしょ 試験調査票
A2: 作成：2026/09/27
A4: 試験名 | B4: テスト試験
A5: 植付日
A6: 収穫日
A7: 調査日 | B7: 2026/09/27
A8: 場所（ほ場）
A9: 品種
A10: 掘り取り株数（1区） | B10: 5
A11: 10a当たり植付株数
A12: 備考
A14: 処理区と使用薬剤
A15: 処理区 | B15: 区分 | C15: 薬剤名 | D15: 処理量 | E15: 処理日 | F15: 処理方法
A16: 試験区 | B16: 試験区 | C16: 薬剤X | D16: 20kg/10a
A17: 対照区 | B17: 対照区

Sheet 重量データ
A1: No | B1: 試験区 | E1: 対照区
B2: 重量(g) | C2: 株 | D2: 規格 | E2: 重量(g) | F2: 株 | G2: 規格
A3: 1 | B3: 387 | C3: 1 | D3: =IF(B3="","",LOOKUP(B3,{0,50,100,200,350,500,700},{"区分外","2S","S","M","L","2L","3L"})) -> L | E3: 127 | F3: 1 | G3: =IF(E3="","",LOOKUP(E3,{0,50,100,200,350,500,700},{"区分外","2S","S","M","L","2L","3L"})) -> S
A4: 2 | B4: 212 | C4: 1 | D4: =IF(B4="","",LOOKUP(B4,{0,50,100,200,350,500,700},{"区分外","2S","S","M","L","2L","3L"})) -> M | E4: 221 | F4: 1 | G4: =IF(E4="","",LOOKUP(E4,{0,50,100,200,350,500,700},{"区分外","2S","S","M","L","2L","3L"})) -> M
A5: 3 | B5: 183 | C5: 1 | D5: =IF(B5="","",LOOKUP(B5,{0,50,100,200,350,500,700},{"区分外","2S","S","M","L","2L","3L"})) -> S | E5: 400 | F5: 1 | G5: =IF(E5="","",LOOKUP(E5,{0,50,100,200,350,500,700},{"区分外","2S","S","M","L","2L","3L"})) -> L
A6: 4 | B6: 145 | C6: 1 | D6: =IF(B6="","",LOOKUP(B6,{0,50,100,200,350,500,700},{"区分外","2S","S","M","L","2L","3L"})) -> S | E6: 257 | F6: 1 | G6: =IF(E6="","",LOOKUP(E6,{0,50,100,200,350,500,700},{"区分外","2S","S","M","L","2L","3L"})) -> M
A7: 5 | B7: 490 | C7: 1 | D7: =IF(B7="","",LOOKUP(B7,{0,50,100,200,350,500,700},{"区分外","2S","S","M","L","2L","3L"})) -> L | E7: 444 | F7: 1 | G7: =IF(E7="","",LOOKUP(E7,{0,50,100,200,350,500,700},{"区分外","2S","S","M","L","2L","3L"})) -> L
A8: 6 | B8: 159 | C8: 1 | D8: =IF(B8="","",LOOKUP(B8,{0,50,100,200,350,500,700},{"区分外","2S","S","M","L","2L","3L"})) -> S | E8: 599 | F8: 1 | G8: =IF(E8="","",LOOKUP(E8,{0,50,100,200,350,500,700},{"区分外","2S","S","M","L","2L","3L"})) -> 2L
A9: 7 | B9: 162 | C9: 1 | D9: =IF(B9="","",LOOKUP(B9,{0,50,100,200,350,500,700},{"区分外","2S","S","M","L","2L","3L"})) -> S | E9: 425 | F9: 1 | G9: =IF(E9="","",LOOKUP(E9,{0,50,100,200,350,500,700},{"区分外","2S","S","M","L","2L","3L"})) -> L
A10: 8 | B10: 54 | C10: 1 | D10: =IF(B10="","",LOOKUP(B10,{0,50,100,200,350,500,700},{"区分外","2S","S","M","L","2L","3L"})) -> 2S | E10: 211 | F10: 1 | G10: =IF(E10="","",LOOKUP(E10,{0,50,100,200,350,500,700},{"区分外","2S","S","M","L","2L","3L"})) -> M
A11: 9 | B11: 146 | C11: 1 | D11: =IF(B11="","",LOOKUP(B11,{0,50,100,200,350,500,700},{"区分外","2S","S","M","L","2L","3L"})) -> S | E11: 130 | F11: 1 | G11: =IF(E11="","",LOOKUP(E11,{0,50,100,200,350,500,700},{"区分外","2S","S","M","L","2L","3L"})) -> S
A12: 10 | B12: 439 | C12: 1 | D12: =IF(B12="","",LOOKUP(B12,{0,50,100,200,350,500,700},{"区分外","2S","S","M","L","2L","3L"})) -> L | E12: 185 | F12: 1 | G12: =IF(E12="","",LOOKUP(E12,{0,50,100,200,350,500,700},{"区分外","2S","S","M","L","2L","3L"})) -> S
A13: 11 | B13: 130 | C13: 1 | D13: =IF(B13="","",LOOKUP(B13,{0,50,100,200,350,500,700},{"区分外","2S","S","M","L","2L","3L"})) -> S | E13: 103 | F13: 1 | G13: =IF(E13="","",LOOKUP(E13,{0,50,100,200,350,500,700},{"区分外","2S","S","M","L","2L","3L"})) -> S
A14: 12 | B14: 201 | C14: 1 | D14: =IF(B14="","",LOOKUP(B14,{0,50,100,200,350,500,700},{"区分外","2S","S","M","L","2L","3L"})) -> M | E14: 161 | F14: 1 | G14: =IF(E14="","",LOOKUP(E14,{0,50,100,200,350,500,700},{"区分外","2S","S","M","L","2L","3L"})) -> S
... A52: 50 | B52: 250 | C52: 1 | D52: =IF(B52="","",LOOKUP(B52,{0,50,100,200,350,500,700},{"区分外","2S","S","M","L","2L","3L"})) -> M | E52: 99 | F52: 1 | G52: =IF(E52="","",LOOKUP(E52,{0,50,100,200,350,500,700},{"区分外","2S","S","M","L","2L","3L"})) -> 2S
A53: 51 | B53: 223 | C53: 1 | D53: =IF(B53="","",LOOKUP(B53,{0,50,100,200,350,500,700},{"区分外","2S","S","M","L","2L","3L"})) -> M | G53: =IF(E53="","",LOOKUP(E53,{0,50,100,200,350,500,700},{"区分外","2S","S","M","L","2L","3L"}))
A54: 52 | B54: 317 | C54: 1 | D54: =IF(B54="","",LOOKUP(B54,{0,50,100,200,350,500,700},{"区分外","2S","S","M","L","2L","3L"})) -> M | G54: =IF(E54="","",LOOKUP(E54,{0,50,100,200,350,500,700},{"区分外","2S","S","M","L","2L","3L"}))
A55: 53 | B55: 75 | C55: 1 | D55: =IF(B55="","",LOOKUP(B55,{0,50,100,200,350,500,700},{"区分外","2S","S","M","L","2L","3L"})) -> 2S | G55: =IF(E55="","",LOOKUP(E55,{0,50,100,200,350,500,700},{"区分外","2S","S","M","L","2L","3L"}))
A56: 54 | B56: 149 | C56: 1 | D56: =IF(B56="","",LOOKUP(B56,{0,50,100,200,350,500,700},{"区分外","2S","S","M","L","2L","3L"})) -> S | G56: =IF(E56="","",LOOKUP(E56,{0,50,100,200,350,500,700},{"区分外","2S","S","M","L","2L","3L"}))
A57: 55 | B57: 117 | C57: 1 | D57: =IF(B57="","",LOOKUP(B57,{0,50,100,200,350,500,700},{"区分外","2S","S","M","L","2L","3L"})) -> S | G57: =IF(E57="","",LOOKUP(E57,{0,50,100,200,350,500,700},{"区分外","2S","S","M","L","2L","3L"}))
A58: 56 | B58: 198 | C58: 1 | D58: =IF(B58="","",LOOKUP(B58,{0,50,100,200,350,500,700},{"区分外","2S","S","M","L","2L","3L"})) -> S | G58: =IF(E58="","",LOOKUP(E58,{0,50,100,200,350,500,700},{"区分外","2S","S","M","L","2L","3L"}))
A59: 57 | B59: 117 | C59: 1 | D59: =IF(B59="","",LOOKUP(B59,{0,50,100,200,350,500,700},{"区分外","2S","S","M","L","2L","3L"})) -> S | G59: =IF(E59="","",LOOKUP(E59,{0,50,100,200,350,500,700},{"区分外","2S","S","M","L","2L","3L"}))
A60: 58 | B60: 116 | C60: 1 | D60: =IF(B60="","",LOOKUP(B60,{0,50,100,200,350,500,700},{"区分外","2S","S","M","L","2L","3L"})) -> S | G60: =IF(E60="","",LOOKUP(E60,{0,50,100,200,350,500,700},{"区分外","2S","S","M","L","2L","3L"}))
A61: 59 | B61: 102 | C61: 1 | D61: =IF(B61="","",LOOKUP(B61,{0,50,100,200,350,500,700},{"区分外","2S","S","M","L","2L","3L"})) -> S | G61: =IF(E61="","",LOOKUP(E61,{0,50,100,200,350,500,700},{"区分外","2S","S","M","L","2L","3L"}))
A62: 60 | B62: 146 | C62: 1 | D62: =IF(B62="","",LOOKUP(B62,{0,50,100,200,350,500,700},{"区分外","2S","S","M","L","2L","3L"})) -> S | G62: =IF(E62="","",LOOKUP(E62,{0,50,100,200,350,500,700},{"区分外","2S","S","M","L","2L","3L"}))
A63: 61 | B63: 149 | C63: 1 | D63: =IF(B63="","",LOOKUP(B63,{0,50,100,200,350,500,700},{"区分外","2S","S","M","L","2L","3L"})) -> S | G63: =IF(E63="","",LOOKUP(E63,{0,50,100,200,350,500,700},{"区分外","2S","S","M","L","2L","3L"}))
A64: 62 | B64: 497 | C64: 1 | D64: =IF(B64="","",LOOKUP(B64,{0,50,100,200,350,500,700},{"区分外","2S","S","M","L","2L","3L"})) -> L | G64: =IF(E64="","",LOOKUP(E64,{0,50,100,200,350,500,700},{"区分外","2S","S","M","L","2L","3L"}))
... A73: 71 | B73: 720 | C73: 1 | D73: =IF(B73="","",LOOKUP(B73,{0,50,100,200,350,500,700},{"区分外","2S","S","M","L","2L","3L"})) -> 3L | G73: =IF(E73="","",LOOKUP(E73,{0,50,100,200,350,500,700},{"区分外","2S","S","M","L","2L","3L"}))

Sheet 規格集計
A1: 形量区分（等級）別 集計
A2: 掘り取り 5株／区。重量の境界値は上の規格に含みます（50g→2S、700g→3L）。本数は「重量データ」シートから自動計算されます。
A4: 等級 | B4: 重量範囲 | C4: 試験区 | F4: 対照区
C5: 本数 | D5: 比率 | E5: 重量(g) | F5: 本数 | G5: 比率 | H5: 重量(g)
A6: 3L | B6: 700g以上 | C6: =COUNTIFS('重量データ'!$B:$B,">=700") -> 1 | D6: =IF($C$13=0,"",C6/$C$13) -> 0.014084507 | E6: =SUMIFS('重量データ'!$B:$B,'重量データ'!$B:$B,">=700") -> 720 | F6: =COUNTIFS('重量データ'!$E:$E,">=700") -> 0 | G6: =IF($F$13=0,"",F6/$F$13) -> 0 | H6: =SUMIFS('重量データ'!$E:$E,'重量データ'!$E:$E,">=700") -> 0
A7: 2L | B7: 500–700g | C7: =COUNTIFS('重量データ'!$B:$B,">=500",'重量データ'!$B:$B,"<700") -> 0 | D7: =IF($C$13=0,"",C7/$C$13) -> 0 | E7: =SUMIFS('重量データ'!$B:$B,'重量データ'!$B:$B,">=500",'重量データ'!$B:$B,"<700") -> 0 | F7: =COUNTIFS('重量データ'!$E:$E,">=500",'重量データ'!$E:$E,"<700") -> 3 | G7: =IF($F$13=0,"",F7/$F$13) -> 0.06 | H7: =SUMIFS('重量データ'!$E:$E,'重量データ'!$E:$E,">=500",'重量データ'!$E:$E,"<700") -> 1647
A8: L | B8: 350–500g | C8: =COUNTIFS('重量データ'!$B:$B,">=350",'重量データ'!$B:$B,"<500") -> 7 | D8: =IF($C$13=0,"",C8/$C$13) -> 0.098591549 | E8: =SUMIFS('重量データ'!$B:$B,'重量データ'!$B:$B,">=350",'重量データ'!$B:$B,"<500") -> 3025 | F8: =COUNTIFS('重量データ'!$E:$E,">=350",'重量データ'!$E:$E,"<500") -> 9 | G8: =IF($F$13=0,"",F8/$F$13) -> 0.18 | H8: =SUMIFS('重量データ'!$E:$E,'重量データ'!$E:$E,">=350",'重量データ'!$E:$E,"<500") -> 3698
A9: M | B9: 200–350g | C9: =COUNTIFS('重量データ'!$B:$B,">=200",'重量データ'!$B:$B,"<350") -> 13 | D9: =IF($C$13=0,"",C9/$C$13) -> 0.18309859 | E9: =SUMIFS('重量データ'!$B:$B,'重量データ'!$B:$B,">=200",'重量データ'!$B:$B,"<350") -> 3558 | F9: =COUNTIFS('重量データ'!$E:$E,">=200",'重量データ'!$E:$E,"<350") -> 11 | G9: =IF($F$13=0,"",F9/$F$13) -> 0.22 | H9: =SUMIFS('重量データ'!$E:$E,'重量データ'!$E:$E,">=200",'重量データ'!$E:$E,"<350") -> 2743
A10: S | B10: 100–200g | C10: =COUNTIFS('重量データ'!$B:$B,">=100",'重量データ'!$B:$B,"<200") -> 32 | D10: =IF($C$13=0,"",C10/$C$13) -> 0.45070423 | E10: =SUMIFS('重量データ'!$B:$B,'重量データ'!$B:$B,">=100",'重量データ'!$B:$B,"<200") -> 4599 | F10: =COUNTIFS('重量データ'!$E:$E,">=100",'重量データ'!$E:$E,"<200") -> 18 | G10: =IF($F$13=0,"",F10/$F$13) -> 0.36 | H10: =SUMIFS('重量データ'!$E:$E,'重量データ'!$E:$E,">=100",'重量データ'!$E:$E,"<200") -> 2413
A11: 2S | B11: 50–100g | C11: =COUNTIFS('重量データ'!$B:$B,">=50",'重量データ'!$B:$B,"<100") -> 16 | D11: =IF($C$13=0,"",C11/$C$13) -> 0.22535211 | E11: =SUMIFS('重量データ'!$B:$B,'重量データ'!$B:$B,">=50",'重量データ'!$B:$B,"<100") -> 1054 | F11: =COUNTIFS('重量データ'!$E:$E,">=50",'重量データ'!$E:$E,"<100") -> 9 | G11: =IF($F$13=0,"",F11/$F$13) -> 0.18 | H11: =SUMIFS('重量データ'!$E:$E,'重量データ'!$E:$E,">=50",'重量データ'!$E:$E,"<100") -> 712
A12: 区分外 | B12: 0–50g | C12: =COUNTIFS('重量データ'!$B:$B,">=0",'重量データ'!$B:$B,"<50") -> 2 | D12: =IF($C$13=0,"",C12/$C$13) -> 0.028169014 | E12: =SUMIFS('重量データ'!$B:$B,'重量データ'!$B:$B,">=0",'重量データ'!$B:$B,"<50") -> 80 | F12: =COUNTIFS('重量データ'!$E:$E,">=0",'重量データ'!$E:$E,"<50") -> 0 | G12: =IF($F$13=0,"",F12/$F$13) -> 0 | H12: =SUMIFS('重量データ'!$E:$E,'重量データ'!$E:$E,">=0",'重量データ'!$E:$E,"<50") -> 0
A13: 計 | C13: =SUM(C6:C12) -> 71 | D13: =IF(C13=0,"",SUM(D6:D12)) -> 1 | E13: =SUM(E6:E12) -> 13036 | F13: =SUM(F6:F12) -> 50 | G13: =IF(F13=0,"",SUM(G6:G12)) -> 1 | H13: =SUM(H6:H12) -> 11213
A15: 項目 | B15: 単位 | C15: 試験区 | D15: 対照区
A16: 総本数 | B16: 本 | C16: =$C$13 -> 71 | D16: =$F$13 -> 50
A17: 総重量 | B17: g | C17: =$E$13 -> 13036 | D17: =$H$13 -> 11213
A18: 平均一本重 | B18: g | C18: =IF($C$13=0,"",AVERAGE('重量データ'!$B:$B)) -> 183.60563 | D18: =IF($F$13=0,"",AVERAGE('重量データ'!$E:$E)) -> 224.26
A19: 標準偏差 | B19: g | C19: =IF($C$13=0,"",_xlfn.STDEV.P('重量データ'!$B:$B)) -> 131.4106 | D19: =IF($F$13=0,"",_xlfn.STDEV.P('重量データ'!$E:$E)) -> 142.68746
A20: 1株当たり本数 | B20: 本 | C20: =IF(N('試験情報'!$B$10)=0,"",$C$13/'試験情報'!$B$10) -> 14.2 | D20: =IF(N('試験情報'!$B$10)=0,"",$F$13/'試験情報'!$B$10) -> 10
A21: 1株当たり重量 | B21: g | C21: =IF(N('試験情報'!$B$10)=0,"",$E$13/'試験情報'!$B$10) -> 2607.2 | D21: =IF(N('試験情報'!$B$10)=0,"",$H$13/'試験情報'!$B$10) -> 2242.6
A22: 10a換算収量 | B22: kg/10a | C22: =IF(OR(N('試験情報'!$B$10)=0,N('試験情報'!$B$11)=0),"",$E$13/'試験情報'!$B$10*'試験情報'!$B$11/1000) | D22: =IF(OR(N('試験情報'!$B$10)=0,N('試験情報'!$B$11)=0),"",$H$13/'試験情報'!$B$10*'試験情報'!$B$11/1000)
A24: 対照区比（対照区＝100） | C24: 試験区 | D24: 対照区
A25: 本数 | C25: =IFERROR($C$16/$D$16*100,"") -> 142 | D25: =IFERROR($D$16/$D$16*100,"") -> 100
A26: 総重量 | C26: =IFERROR($C$17/$D$17*100,"") -> 116.25791 | D26: =IFERROR($D$17/$D$17*100,"") -> 100
A27: 平均一本重 | C27: =IFERROR($C$18/$D$18*100,"") -> 81.871771 | D27: =IFERROR($D$18/$D$18*100,"") -> 100
A28: M以上 本数 | C28: =IFERROR(SUM($C$6:$C$9)/SUM($F$6:$F$9)*100,"") -> 91.304348 | D28: =IFERROR(SUM($F$6:$F$9)/SUM($F$6:$F$9)*100,"") -> 100

Sheet 被害度
A1: 被害度調査
A2: 被害度（0〜100）＝（微×1＋小×2＋中×3＋多×4）÷（調査芋数×4）×100 ／ 防除価＝100－（試験区の被害度÷対照区の被害度）×100
A4: センチュウ類
A5: 処理区 | B5: 無 | C5: 微 | D5: 小 | E5: 中 | F5: 多 | G5: 調査芋数 | H5: 被害度 | I5: 防除価
A6: 試験区 | B6: 50 | C6: 12 | D6: 5 | E6: 0 | F6: 0 | G6: =SUM(B6:F6) -> 67 | H6: =IF(G6=0,"",(C6+D6*2+E6*3+F6*4)/4/G6*100) -> 8.2089552 | I6: =IFERROR(IF(OR(H6="",H7=0),"",(1-H6/H7)*100),"") -> 72.028745
A7: 対照区 | B7: 30 | C7: 0 | D7: 0 | E7: 10 | F7: 6 | G7: =SUM(B7:F7) -> 46 | H7: =IF(G7=0,"",(C7+D7*2+E7*3+F7*4)/4/G7*100) -> 29.347826 | I7: －
A10: コガネムシ類
A11: 処理区 | B11: 無 | C11: 微 | D11: 小 | E11: 中 | F11: 多 | G11: 調査芋数 | H11: 被害度 | I11: 防除価
A12: 試験区 | B12: 60 | C12: 8 | D12: 0 | E12: 0 | F12: 0 | G12: =SUM(B12:F12) -> 68 | H12: =IF(G12=0,"",(C12+D12*2+E12*3+F12*4)/4/G12*100) -> 2.9411765 | I12: =IFERROR(IF(OR(H12="",H13=0),"",(1-H12/H13)*100),"") -> 76.960784
A13: 対照区 | B13: 35 | C13: 0 | D13: 12 | E13: 0 | F13: 0 | G13: =SUM(B13:F13) -> 47 | H13: =IF(G13=0,"",(C13+D13*2+E13*3+F13*4)/4/G13*100) -> 12.765957 | I13: －
A16: 被害度まとめ
A17: 処理区 | B17: センチュウ類 | C17: コガネムシ類
A18: 試験区 | B18: =IF(H6="","",H6) -> 8.2089552 | C18: =IF(H12="","",H12) -> 2.9411765
A19: 対照区 | B19: =IF(H7="","",H7) -> 29.347826 | C19: =IF(H13="","",H13) -> 12.765957

Sheet 品質区分
A1: 品質区分
A3: 処理区 | B3: A品 | C3: B品 | D3: 丸品 | E3: C品 | F3: 計
A4: 試験区 | B4: 63 | C4: 7 | D4: 0 | E4: 1 | F4: =SUM(B4:E4) -> 71
A5: 対照区 | B5: 45 | C5: 5 | D5: 0 | E5: 0 | F5: =SUM(B5:E5) -> 50
A7: 各品質区分比率
A8: 処理区 | B8: A品 | C8: B品 | D8: 丸品 | E8: C品 | F8: 計
A9: 試験区 | B9: =IF($F4=0,"",B4/$F4) -> 0.88732394 | C9: =IF($F4=0,"",C4/$F4) -> 0.098591549 | D9: =IF($F4=0,"",D4/$F4) -> 0 | E9: =IF($F4=0,"",E4/$F4) -> 0.014084507 | F9: =IF($F4=0,"",SUM(B9:E9)) -> 1
A10: 対照区 | B10: =IF($F5=0,"",B5/$F5) -> 0.9 | C10: =IF($F5=0,"",C5/$F5) -> 0.1 | D10: =IF($F5=0,"",D5/$F5) -> 0 | E10: =IF($F5=0,"",E5/$F5) -> 0 | F10: =IF($F5=0,"",SUM(B10:E10)) -> 1

Sheet グラフ（画像）
A1: グラフ（画像）
A2: 報告書などに貼り付けやすい画像です。数値を修正しても画像は変わりません（各シートのグラフは数値に合わせて変わります）。
